Workbook

Sheet Raw data 1 and 2
A1: Date | B1: Open | C1: High | D1: Low | E1: Close Close price adjusted for splits. | F1: Adj Close Adjusted close price adjusted for splits and dividend and/or capital gain distributions. | G1: Volume | H1: https://finance.yahoo.com/quote/BMW.DE/history/?frequency=1wk | I1: Bayerische Motoren Werke Aktiengesellschaft (BMW.DE) | K1: Date | L1: Open | M1: High | N1: Low | O1: Close Close price adjusted for splits. | P1: Adjusted close price adjusted for splits and dividend and/or capital gain distributions. | Q1: Volume | R1: https://finance.yahoo.com/quote/MBG.DE/history/?frequency=1wk | S1: Mercedes-Benz Group AG (MBG.DE) | U1: Date | V1: Open | W1: High | X1: Low | Y1: Close Close price adjusted for splits. | Z1: Adjusted close price adjusted for splits and dividend and/or capital gain distributions. | AA1: Volume | AB1: https://finance.yahoo.com/quote/%5EGSPC/history/?frequency=1wk | AC1: S&P 500 (^GSPC)
A2: 46090 | B2: 79.54 | C2: 79.58 | D2: 77.84 | E2: 78.38 | F2: 78.38 | G2: 239469 | I2: As of 11:08:08 AM GMT+1. Market Open. | K2: 46090 | L2: 54.5 | M2: 54.86 | N2: 53.54 | O2: 53.97 | P2: 53.97 | Q2: 601964 | S2: As of 3:20:48 PM GMT+5. Market Open. | U2: 46090 | V2: 6699.8 | W2: 6810.44 | X2: 6636.04 | Y2: 6795.99 | Z2: 6795.99 | AA2: 6709410000 | AC2: At close: 4:49:39 PM EDT
A3: 46083 | B3: 86.24 | C3: 87.12 | D3: 79.2 | E3: 79.8 | F3: 79.8 | G3: 6751099 | K3: 46083 | L3: 57 | M3: 57.9 | N3: 54.23 | O3: 54.78 | P3: 54.78 | Q3: 13471670 | U3: 46083 | V3: 6824.36 | W3: 6901.01 | X3: 6710.42 | Y3: 6740.02 | Z3: 6740.02 | AA3: 29555750000
A4: 46076 | B4: 90.1 | C4: 90.12 | D4: 87.68 | E4: 89.46 | F4: 89.46 | G4: 3893526 | K4: 46076 | L4: 59.27 | M4: 59.51 | N4: 58.21 | O4: 59 | P4: 59 | Q4: 10967204 | U4: 46076 | V4: 6901.25 | W4: 6952.51 | X4: 6815.43 | Y4: 6878.88 | Z4: 6878.88 | AA4: 28787710000
A5: 46069 | B5: 88.9 | C5: 91.92 | D5: 88.6 | E5: 90.32 | F5: 90.32 | G5: 3722068 | K5: 46069 | L5: 57.4 | M5: 60.03 | N5: 57.19 | O5: 59.24 | P5: 59.24 | Q5: 10370202 | U5: 46069 | V5: 6819.86 | W5: 6915.86 | X5: 6775.5 | Y5: 6909.51 | Z5: 6909.51 | AA5: 21100810000
A6: 46062 | B6: 88.46 | C6: 89.94 | D6: 86.94 | E6: 88.9 | F6: 88.9 | G6: 4262028 | K6: 46062 | L6: 58.71 | M6: 59.5 | N6: 54.65 | O6: 57.62 | P6: 57.62 | Q6: 16121673 | U6: 46062 | V6: 6917.26 | W6: 6993.48 | X6: 6794.55 | Y6: 6836.17 | Z6: 6836.17 | AA6: 30258780000
A7: 46055 | B7: 86.56 | C7: 91.24 | D7: 86.56 | E7: 88.44 | F7: 88.44 | G7: 4634487 | K7: 46055 | L7: 57.6 | M7: 61.3 | N7: 57.45 | O7: 58.78 | P7: 58.78 | Q7: 13803710 | U7: 46055 | V7: 6916.64 | W7: 6993.08 | X7: 6780.13 | Y7: 6932.3 | Z7: 6932.3 | AA7: 33538260000
A8: 46048 | B8: 87.6 | C8: 88.58 | D8: 85.7 | E8: 87.42 | F8: 87.42 | G8: 4591149 | K8: 46048 | L8: 58.1 | M8: 58.89 | N8: 55.95 | O8: 57.79 | P8: 57.79 | Q8: 10179576 | U8: 46048 | V8: 6923.23 | W8: 7002.28 | X8: 6870.8 | Y8: 6939.03 | Z8: 6939.03 | AA8: 29382560000
A9: 46041 | B9: 84.32 | C9: 90.18 | D9: 82.48 | E9: 87.62 | F9: 87.62 | G9: 5255141 | K9: 46041 | L9: 56.37 | M9: 60.11 | N9: 54.89 | O9: 58.3 | P9: 58.3 | Q9: 12410831 | U9: 46041 | V9: 6865.24 | W9: 6934.75 | X9: 6789.05 | Y9: 6915.61 | Z9: 6915.61 | AA9: 21784530000
A10: 46034 | B10: 91.74 | C10: 91.98 | D10: 88.2 | E10: 88.72 | F10: 88.72 | G10: 5235876 | K10: 46034 | L10: 60.18 | M10: 61.12 | N10: 58.19 | O10: 58.82 | P10: 58.82 | Q10: 11669786 | U10: 46034 | V10: 6944.12 | W10: 6986.33 | X10: 6885.74 | Y10: 6940.01 | Z10: 6940.01 | AA10: 26112200000
A11: 46027 | B11: 96.3 | C11: 97.3 | D11: 89.78 | E11: 92.02 | F11: 92.02 | G11: 4297330 | K11: 46027 | L11: 61.6 | M11: 62.34 | N11: 58.79 | O11: 60.37 | P11: 60.37 | Q11: 10451462 | U11: 46027 | V11: 6892.19 | W11: 6978.36 | X11: 6891.56 | Y11: 6966.28 | Z11: 6966.28 | AA11: 26993190000
A12: 46020 | B12: 92.68 | C12: 96.32 | D12: 92.34 | E12: 96.32 | F12: 96.32 | G12: 1449552 | K12: 46020 | L12: 59.25 | M12: 62.03 | N12: 59.25 | O12: 61.93 | P12: 61.93 | Q12: 4890034 | U12: 46020 | V12: 6903.6 | W12: 6920.21 | X12: 6824.31 | Y12: 6858.47 | Z12: 6858.47 | AA12: 14297630000
A13: 46013 | B13: 94 | C13: 94.04 | D13: 92.14 | E13: 92.66 | F13: 92.66 | G13: 701590 | K13: 46013 | L13: 60.13 | M13: 60.17 | N13: 59.11 | O13: 59.3 | P13: 59.3 | Q13: 1809422 | U13: 46013 | V13: 6865.21 | W13: 6945.77 | X13: 6855.74 | Y13: 6929.94 | Z13: 6929.94 | AA13: 12670410000
A14: 46006 | B14: 96.14 | C14: 96.14 | D14: 93 | E14: 93.62 | F14: 93.62 | G14: 3783486 | K14: 46006 | L14: 61.69 | M14: 61.78 | N14: 59.46 | O14: 59.84 | P14: 59.84 | Q14: 6066903 | U14: 46006 | V14: 6860.19 | W14: 6861.59 | X14: 6720.43 | Y14: 6834.5 | Z14: 6834.5 | AA14: 28736560000
... A44: 45796 | B44: 76.7 | C44: 79.52 | D44: 74.02 | E44: 75.26 | F44: 75.26 | G44: 5456166 | K44: 45796 | L44: 52.46 | M44: 53.55 | N44: 49.92 | O44: 50.54 | P44: 50.54 | Q44: 10866366 | U44: 45796 | V44: 5902.88 | W44: 5968.61 | X44: 5767.41 | Y44: 5802.82 | Z44: 5802.82 | AA44: 23634980000
A45: 45792 | B45: 4.3 Dividend | K45: 45789 | L45: 52.11 | M45: 54.51 | N45: 52.05 | O45: 52.5 | P45: 52.5 | Q45: 12856683 | U45: 45789 | V45: 5807.2 | W45: 5958.62 | X45: 5786.08 | Y45: 5958.38 | Z45: 5958.38 | AA45: 26606460000
A46: 45789 | B46: 81.3 | C46: 84.7 | D46: 76.66 | E46: 76.92 | F46: 72.98 | G46: 5787642 | K46: 45785 | L46: 4.3 Dividend | U46: 45782 | V46: 5655.32 | W46: 5720.1 | X46: 5578.64 | Y46: 5659.91 | Z46: 5659.91 | AA46: 24335450000
A47: 45782 | B47: 75.16 | C47: 80.26 | D47: 73.54 | E47: 79.68 | F47: 75.6 | G47: 6381064 | K47: 45782 | L47: 53.5 | M47: 54.92 | N47: 49.76 | O47: 51.07 | P47: 47 | Q47: 18223047 | U47: 45775 | V47: 5529.22 | W47: 5700.7 | X47: 5433.24 | Y47: 5686.67 | Z47: 5686.67 | AA47: 24244170000
A48: 45775 | B48: 76.74 | C48: 77.5 | D48: 73.4 | E48: 74.82 | F48: 70.99 | G48: 4533979 | K48: 45775 | L48: 55.05 | M48: 55.57 | N48: 52.12 | O48: 53.3 | P48: 49.05 | Q48: 14599472 | U48: 45768 | V48: 5232.94 | W48: 5528.11 | X48: 5101.63 | Y48: 5525.21 | Z48: 5525.21 | AA48: 23198970000
A49: 45768 | B49: 70.26 | C49: 76.34 | D49: 69.78 | E49: 76.32 | F49: 72.41 | G49: 4955850 | K49: 45768 | L49: 50.23 | M49: 54.82 | N49: 50.16 | O49: 54.59 | P49: 50.24 | Q49: 10533150 | U49: 45761 | V49: 5441.96 | W49: 5459.46 | X49: 5220.79 | Y49: 5282.7 | Z49: 5282.7 | AA49: 18671180000
A50: 45761 | B50: 67.96 | C50: 71.64 | D50: 67.44 | E50: 70.26 | F50: 66.66 | G50: 3596206 | K50: 45761 | L50: 49.12 | M50: 51.16 | N50: 48.67 | O50: 50.23 | P50: 46.23 | Q50: 7900713 | U50: 45754 | V50: 4953.79 | W50: 5481.34 | X50: 4835.04 | Y50: 5363.36 | Z50: 5363.36 | AA50: 37869410000
A51: 45754 | B51: 64.8 | C51: 72.46 | D51: 62.96 | E51: 66.36 | F51: 62.96 | G51: 14048733 | K51: 45754 | L51: 45.66 | M51: 51.46 | N51: 45.6 | O51: 48.19 | P51: 44.36 | Q51: 30136102 | U51: 45747 | V51: 5527.91 | W51: 5695.31 | X51: 5069.9 | Y51: 5074.08 | Z51: 5074.08 | AA51: 29999550000
A52: 45747 | B52: 75.26 | C52: 75.58 | D52: 66.94 | E52: 68 | F52: 64.52 | G52: 9661625 | K52: 45747 | L52: 55.13 | M52: 55.19 | N52: 48.31 | O52: 49.06 | P52: 45.16 | Q52: 21152180 | U52: 45740 | V52: 5718.08 | W52: 5786.95 | X52: 5572.42 | Y52: 5580.94 | Z52: 5580.94 | AA52: 22085260000
A53: 45740 | B53: 79.16 | C53: 81.92 | D53: 75.38 | E53: 75.94 | F53: 72.05 | G53: 5396038 | K53: 45740 | L53: 58.36 | M53: 59.81 | N53: 54.75 | O53: 55.75 | P53: 51.31 | Q53: 11720581 | U53: 45733 | V53: 5635.6 | W53: 5715.33 | X53: 5597.76 | Y53: 5667.56 | Z53: 5667.56 | AA53: 28404010000
A54: 45733 | B54: 82.1 | C54: 86.38 | D54: 77.94 | E54: 79.16 | F54: 75.11 | G54: 7617281 | K54: 45733 | L54: 59.97 | M54: 61.55 | N54: 57.7 | O54: 58.36 | P54: 53.71 | Q54: 15929729 | U54: 45726 | V54: 5705.37 | W54: 5705.37 | X54: 5504.65 | Y54: 5638.94 | Z54: 5638.94 | AA54: 27732600000
A55: 45726 | B55: 85.28 | C55: 88.26 | D55: 78.66 | E55: 82.1 | F55: 77.9 | G55: 8273022 | K55: 45726 | L55: 61.74 | M55: 63.17 | N55: 58.72 | O55: 59.97 | P55: 55.19 | Q55: 15177174

Sheet Data preparation
A1: Date | B1: Bayerische Motoren Werke Aktiengesellschaft (BMW.DE) | C1: Mercedes-Benz Group AG (MBG.DE) | D1: S&P 500 (^GSPC) | E1: Adj Close Adjusted close price adjusted for splits and dividend and/or capital gain distributions. | G1: Arithmetic Weekly return for BMW | H1: Arithmetic Weekly return for MBG | I1: Arithmetic Weekly return for S&P 500 | J1: Geometric Weekly return for BMW | K1: Geometric Weekly return for MBG | L1: Arithmetic Weekly return for S&P 500
A2: 46090 | B2: =VLOOKUP(A2,'Raw data 1 and 2'!A:F,6,0) -> 78.38 | C2: =VLOOKUP(A2,'Raw data 1 and 2'!K:P,6,0) -> 53.97 | D2: =VLOOKUP(A2, 'Raw data 1 and 2'!U:AA,6,0) -> 6795.99 | G2: =B2/B3-1 -> -0.017794486 | H2: =C2/C3-1 -> -0.014786418 | I2: =D2/D3-1 -> 0.0083041297 | J2: =LN(A2/A3) -> 0.0001518883 | K2: =LN(B2/B3) -> -0.017954712 | L2: =LN(C2/C3) -> -0.014896827
A3: 46083 | B3: =VLOOKUP(A3,'Raw data 1 and 2'!A:F,6,0) -> 79.8 | C3: =VLOOKUP(A3,'Raw data 1 and 2'!K:P,6,0) -> 54.78 | D3: =VLOOKUP(A3, 'Raw data 1 and 2'!U:AA,6,0) -> 6740.02 | G3: =B3/B4-1 -> -0.10798122 | H3: =C3/C4-1 -> -0.071525424 | I3: =D3/D4-1 -> -0.020186426 | J3: =LN(A3/A4) -> 0.00015191137 | K3: =LN(B3/B4) -> -0.11426809 | L3: =LN(C3/C4) -> -0.07421228
A4: 46076 | B4: =VLOOKUP(A4,'Raw data 1 and 2'!A:F,6,0) -> 89.46 | C4: =VLOOKUP(A4,'Raw data 1 and 2'!K:P,6,0) -> 59 | D4: =VLOOKUP(A4, 'Raw data 1 and 2'!U:AA,6,0) -> 6878.88 | G4: =B4/B5-1 -> -0.0095217006 | H4: =C4/C5-1 -> -0.0040513167 | I4: =D4/D5-1 -> -0.0044330206 | J4: =LN(A4/A5) -> 0.00015193445 | K4: =LN(B4/B5) -> -0.0095673218 | L4: =LN(C4/C5) -> -0.0040595455
A5: 46069 | B5: =VLOOKUP(A5,'Raw data 1 and 2'!A:F,6,0) -> 90.32 | C5: =VLOOKUP(A5,'Raw data 1 and 2'!K:P,6,0) -> 59.24 | D5: =VLOOKUP(A5, 'Raw data 1 and 2'!U:AA,6,0) -> 6909.51 | G5: =B5/B6-1 -> 0.015973003 | H5: =C5/C6-1 -> 0.028115238 | I5: =D5/D6-1 -> 0.010728229 | J5: =LN(A5/A6) -> 0.00015195754 | K5: =LN(B5/B6) -> 0.015846777 | L5: =LN(C5/C6) -> 0.02772726
A6: 46062 | B6: =VLOOKUP(A6,'Raw data 1 and 2'!A:F,6,0) -> 88.9 | C6: =VLOOKUP(A6,'Raw data 1 and 2'!K:P,6,0) -> 57.62 | D6: =VLOOKUP(A6, 'Raw data 1 and 2'!U:AA,6,0) -> 6836.17 | G6: =B6/B7-1 -> 0.0052012664 | H6: =C6/C7-1 -> -0.019734604 | I6: =D6/D7-1 -> -0.013866971 | J6: =LN(A6/A7) -> 0.00015198063 | K6: =LN(B6/B7) -> 0.0051877865 | L6: =LN(C6/C7) -> -0.019931931
A7: 46055 | B7: =VLOOKUP(A7,'Raw data 1 and 2'!A:F,6,0) -> 88.44 | C7: =VLOOKUP(A7,'Raw data 1 and 2'!K:P,6,0) -> 58.78 | D7: =VLOOKUP(A7, 'Raw data 1 and 2'!U:AA,6,0) -> 6932.3 | G7: =B7/B8-1 -> 0.011667811 | H7: =C7/C8-1 -> 0.017130992 | I7: =D7/D8-1 -> -0.00096987619 | J7: =LN(A7/A8) -> 0.00015200374 | K7: =LN(B7/B8) -> 0.011600267 | L7: =LN(C7/C8) -> 0.016985911
A8: 46048 | B8: =VLOOKUP(A8,'Raw data 1 and 2'!A:F,6,0) -> 87.42 | C8: =VLOOKUP(A8,'Raw data 1 and 2'!K:P,6,0) -> 57.79 | D8: =VLOOKUP(A8, 'Raw data 1 and 2'!U:AA,6,0) -> 6939.03 | G8: =B8/B9-1 -> -0.0022825839 | H8: =C8/C9-1 -> -0.0087478559 | I8: =D8/D9-1 -> 0.0033865415 | J8: =LN(A8/A9) -> 0.00015202684 | K8: =LN(B8/B9) -> -0.002285193 | L8: =LN(C8/C9) -> -0.008786343
A9: 46041 | B9: =VLOOKUP(A9,'Raw data 1 and 2'!A:F,6,0) -> 87.62 | C9: =VLOOKUP(A9,'Raw data 1 and 2'!K:P,6,0) -> 58.3 | D9: =VLOOKUP(A9, 'Raw data 1 and 2'!U:AA,6,0) -> 6915.61 | G9: =B9/B10-1 -> -0.012398557 | H9: =C9/C10-1 -> -0.0088405304 | I9: =D9/D10-1 -> -0.0035158451 | J9: =LN(A9/A10) -> 0.00015204996 | K9: =LN(B9/B10) -> -0.012476061 | L9: =LN(C9/C10) -> -0.0088798398
A10: 46034 | B10: =VLOOKUP(A10,'Raw data 1 and 2'!A:F,6,0) -> 88.72 | C10: =VLOOKUP(A10,'Raw data 1 and 2'!K:P,6,0) -> 58.82 | D10: =VLOOKUP(A10, 'Raw data 1 and 2'!U:AA,6,0) -> 6940.01 | G10: =B10/B11-1 -> -0.035861769 | H10: =C10/C11-1 -> -0.025675004 | I10: =D10/D11-1 -> -0.0037710227 | J10: =LN(A10/A11) -> 0.00015207308 | K10: =LN(B10/B11) -> -0.036520602 | L10: =LN(C10/C11) -> -0.02601036
A11: 46027 | B11: =VLOOKUP(A11,'Raw data 1 and 2'!A:F,6,0) -> 92.02 | C11: =VLOOKUP(A11,'Raw data 1 and 2'!K:P,6,0) -> 60.37 | D11: =VLOOKUP(A11, 'Raw data 1 and 2'!U:AA,6,0) -> 6966.28 | G11: =B11/B12-1 -> -0.044642857 | H11: =C11/C12-1 -> -0.02518973 | I11: =D11/D12-1 -> 0.015719249 | J11: =LN(A11/A12) -> 0.00015209621 | K11: =LN(B11/B12) -> -0.045670037 | L11: =LN(C11/C12) -> -0.025512422
A12: 46020 | B12: =VLOOKUP(A12,'Raw data 1 and 2'!A:F,6,0) -> 96.32 | C12: =VLOOKUP(A12,'Raw data 1 and 2'!K:P,6,0) -> 61.93 | D12: =VLOOKUP(A12, 'Raw data 1 and 2'!U:AA,6,0) -> 6858.47 | G12: =B12/B13-1 -> 0.039499245 | H12: =C12/C13-1 -> 0.044350759 | I12: =D12/D13-1 -> -0.010313221 | J12: =LN(A12/A13) -> 0.00015211935 | K12: =LN(B12/B13) -> 0.038739102 | L12: =LN(C12/C13) -> 0.043395409
A13: 46013 | B13: =VLOOKUP(A13,'Raw data 1 and 2'!A:F,6,0) -> 92.66 | C13: =VLOOKUP(A13,'Raw data 1 and 2'!K:P,6,0) -> 59.3 | D13: =VLOOKUP(A13, 'Raw data 1 and 2'!U:AA,6,0) -> 6929.94 | G13: =B13/B14-1 -> -0.010254219 | H13: =C13/C14-1 -> -0.0090240642 | I13: =D13/D14-1 -> 0.013964445 | J13: =LN(A13/A14) -> 0.00015214249 | K13: =LN(B13/B14) -> -0.010307156 | L13: =LN(C13/C14) -> -0.0090650277
... A53: 45733 | B53: =VLOOKUP(A53,'Raw data 1 and 2'!A:F,6,0) -> 75.11 | C53: =VLOOKUP(A53,'Raw data 1 and 2'!K:P,6,0) -> 53.71 | D53: =VLOOKUP(A53, 'Raw data 1 and 2'!U:AA,6,0) -> 5667.56 | G53: =B53/B54-1 -> -0.035815148 | H53: =C53/C54-1 -> -0.026816452 | I53: =D53/D54-1 -> 0.005075422 | J53: =LN(A53/A54) -> 0.00015307406 | K53: =LN(B53/B54) -> -0.036472247 | L53: =LN(C53/C54) -> -0.027182574
A54: 45726 | B54: =VLOOKUP(A54,'Raw data 1 and 2'!A:F,6,0) -> 77.9 | C54: =VLOOKUP(A54,'Raw data 1 and 2'!K:P,6,0) -> 55.19 | D54: =VLOOKUP(A54, 'Raw data 1 and 2'!U:AA,6,0) -> 5638.94

Sheet Descriptive statistics
A1: Date | B1: Arithmetic Weekly return for BMW | C1: Arithmetic Weekly return for MBG | F1: BMW | G1: MBG
A2: 46090 | B2: =VLOOKUP(A2, 'Data preparation'!A:I,7,0) -> -0.017794486 | C2: =VLOOKUP(A2,'Data preparation'!A:I,8,0) -> -0.014786418 | E2: max | F2: =MAX(B:B) -> 0.099434738 | G2: =MAX(C:C) -> 0.099434738 | I2: T bill 3.96 | J2: Weeks per year = 54
A3: 46083 | B3: =VLOOKUP(A3, 'Data preparation'!A:I,7,0) -> -0.10798122 | C3: =VLOOKUP(A3,'Data preparation'!A:I,8,0) -> -0.071525424 | E3: min | F3: =MIN(B:B) -> -0.10798122 | G3: =MIN(C:C) -> -0.10451076
A4: 46076 | B4: =VLOOKUP(A4, 'Data preparation'!A:I,7,0) -> -0.0095217006 | C4: =VLOOKUP(A4,'Data preparation'!A:I,7,0) -> -0.0095217006 | E4: range | F4: =F2-F3 -> 0.20741596 | G4: =G2-G3 -> 0.20394549
A5: 46069 | B5: =VLOOKUP(A5, 'Data preparation'!A:I,7,0) -> 0.015973003 | C5: =VLOOKUP(A5,'Data preparation'!A:I,7,0) -> 0.015973003 | E5: Q3 | F5: =_xlfn.PERCENTILE.INC(B:B,0.75) -> 0.032128773 | G5: =_xlfn.PERCENTILE.INC(C:C,0.75) -> 0.032128773
A6: 46062 | B6: =VLOOKUP(A6, 'Data preparation'!A:I,7,0) -> 0.0052012664 | C6: =VLOOKUP(A6,'Data preparation'!A:I,7,0) -> 0.0052012664 | E6: Q1 | F6: =_xlfn.PERCENTILE.INC(B:B,0.25) -> -0.024686856 | G6: =_xlfn.PERCENTILE.INC(C:C,0.25) -> -0.024686856
A7: 46055 | B7: =VLOOKUP(A7, 'Data preparation'!A:I,7,0) -> 0.011667811 | C7: =VLOOKUP(A7,'Data preparation'!A:I,7,0) -> 0.011667811 | E7: IQR, Interquartile range= q3-q1 | F7: =F5-F6 -> 0.056815629 | G7: =G5-G6 -> 0.056815629
A8: 46048 | B8: =VLOOKUP(A8, 'Data preparation'!A:I,7,0) -> -0.0022825839 | C8: =VLOOKUP(A8,'Data preparation'!A:I,7,0) -> -0.0022825839 | E8: IQR*1.5 | F8: =F7*1.5 -> 0.085223443 | G8: =G7*1.5 -> 0.085223443
A9: 46041 | B9: =VLOOKUP(A9, 'Data preparation'!A:I,7,0) -> -0.012398557 | C9: =VLOOKUP(A9,'Data preparation'!A:I,7,0) -> -0.012398557 | E9: Upper fence | F9: =F5+F8 -> 0.11735222 | G9: =G5+G8 -> 0.11735222
A10: 46034 | B10: =VLOOKUP(A10, 'Data preparation'!A:I,7,0) -> -0.035861769 | C10: =VLOOKUP(A10,'Data preparation'!A:I,7,0) -> -0.035861769 | E10: Lower fence | F10: =F6-F8 -> -0.1099103 | G10: =G6-G8 -> -0.1099103
A11: 46027 | B11: =VLOOKUP(A11, 'Data preparation'!A:I,7,0) -> -0.044642857 | C11: =VLOOKUP(A11,'Data preparation'!A:I,7,0) -> -0.044642857 | E11: Mean | F11: =AVERAGE(B:B) -> 0.0012325406 | G11: =AVERAGE(C:C) -> 0.0019914611
A12: 46020 | B12: =VLOOKUP(A12, 'Data preparation'!A:I,7,0) -> 0.039499245 | C12: =VLOOKUP(A12,'Data preparation'!A:I,7,0) -> 0.039499245 | E12: Mean Absolute Deviation | F12: =AVEDEV(B:B)*52/51 -> 0.038290284 | G12: =AVEDEV(C:C)*52/51 -> 0.037576006
A13: 46013 | B13: =VLOOKUP(A13, 'Data preparation'!A:I,7,0) -> -0.010254219 | C13: =VLOOKUP(A13,'Data preparation'!A:I,7,0) -> -0.010254219 | E13: Sample Variance | F13: =_xlfn.VAR.S(B:B) -> 0.0022639501 | G13: =_xlfn.VAR.S(C:C) -> 0.0021312189
A14: 46006 | B14: =VLOOKUP(A14, 'Data preparation'!A:I,7,0) -> -0.026211774 | C14: =VLOOKUP(A14,'Data preparation'!A:I,7,0) -> -0.026211774 | E14: Sample Standard Deviation | F14: =_xlfn.STDEV.S(B:B) -> 0.047580985 | G14: =_xlfn.STDEV.S(C:C) -> 0.046165126
A15: 45999 | B15: =VLOOKUP(A15, 'Data preparation'!A:I,7,0) -> -0.0033174373 | C15: =VLOOKUP(A15,'Data preparation'!A:I,7,0) -> -0.0033174373
A16: 45992 | B16: =VLOOKUP(A16, 'Data preparation'!A:I,7,0) -> 0.095638346 | C16: =VLOOKUP(A16,'Data preparation'!A:I,7,0) -> 0.095638346 | E16: CV | F16: =F14/F11 -> 38.603989 | G16: =G14/G11 -> 23.181536
A17: 45985 | B17: =VLOOKUP(A17, 'Data preparation'!A:I,7,0) -> 0.034790785 | C17: =VLOOKUP(A17,'Data preparation'!A:I,7,0) -> 0.034790785 | E17: T bill(weekly) | F17: =3.96/54 -> 0.073333333
A18: 45978 | B18: =VLOOKUP(A18, 'Data preparation'!A:I,7,0) -> -0.041244084 | C18: =VLOOKUP(A18,'Data preparation'!A:I,7,0) -> -0.041244084 | E18: Sharpe ratio | F18: =(F11-F17)/F14 -> -1.5153279 | G18: =(G11-F17)/G14 -> -1.5453629
A19: 45971 | B19: =VLOOKUP(A19, 'Data preparation'!A:I,7,0) -> 0.052669039 | C19: =VLOOKUP(A19,'Data preparation'!A:I,7,0) -> 0.052669039
A20: 45964 | B20: =VLOOKUP(A20, 'Data preparation'!A:I,7,0) -> 0.044350842 | C20: =VLOOKUP(A20,'Data preparation'!A:I,7,0) -> 0.044350842
A21: 45957 | B21: =VLOOKUP(A21, 'Data preparation'!A:I,7,0) -> -0.0054213898 | C21: =VLOOKUP(A21,'Data preparation'!A:I,7,0) -> -0.0054213898
A22: 45950 | B22: =VLOOKUP(A22, 'Data preparation'!A:I,7,0) -> 0.011717776 | C22: =VLOOKUP(A22,'Data preparation'!A:I,7,0) -> 0.011717776
A23: 45943 | B23: =VLOOKUP(A23, 'Data preparation'!A:I,7,0) -> 0.022171254 | C23: =VLOOKUP(A23,'Data preparation'!A:I,7,0) -> 0.022171254
A24: 45936 | B24: =VLOOKUP(A24, 'Data preparation'!A:I,7,0) -> -0.09187688 | C24: =VLOOKUP(A24,'Data preparation'!A:I,7,0) -> -0.09187688
A25: 45929 | B25: =VLOOKUP(A25, 'Data preparation'!A:I,7,0) -> 0.007930954 | C25: =VLOOKUP(A25,'Data preparation'!A:I,7,0) -> 0.007930954
A26: 45922 | B26: =VLOOKUP(A26, 'Data preparation'!A:I,7,0) -> 0.029786212 | C26: =VLOOKUP(A26,'Data preparation'!A:I,7,0) -> 0.029786212
A27: 45915 | B27: =VLOOKUP(A27, 'Data preparation'!A:I,7,0) -> -0.0066809831 | C27: =VLOOKUP(A27,'Data preparation'!A:I,7,0) -> -0.0066809831
A28: 45908 | B28: =VLOOKUP(A28, 'Data preparation'!A:I,7,0) -> -0.052238806 | C28: =VLOOKUP(A28,'Data preparation'!A:I,7,0) -> -0.052238806
A29: 45901 | B29: =VLOOKUP(A29, 'Data preparation'!A:I,7,0) -> -0.011401744 | C29: =VLOOKUP(A29,'Data preparation'!A:I,7,0) -> -0.011401744
A30: 45894 | B30: =VLOOKUP(A30, 'Data preparation'!A:I,7,0) -> -0.02143951 | C30: =VLOOKUP(A30,'Data preparation'!A:I,7,0) -> -0.02143951
... A54: 45726 | B54: =VLOOKUP(A54, 'Data preparation'!A:I,7,0) | C54: =VLOOKUP(A54,'Data preparation'!A:I,7,0)

Sheet F test
A1: Date | B1: Arithmetic Weekly return for BMW | C1: Arithmetic Weekly return for MBG | E1: An investor wants to compare the risk (volatility) of weekly stock returns of two automobile companies: BMW and Mercedes-Benz Group (MBG). To conduct the analysis, the investor collected a random sample of weekly returns for 53 weeks for each company. The sample standard deviation of BMW’s weekly returns is 0.0475809851, while the sample standard deviation of MBG’s weekly returns is 0.04575569427. The investor suspects that the variance of BMW’s weekly returns may be greater than the variance of MBG’s weekly returns. Therefore, an F-test for variances will be conducted at the 5% significance level to determine whether BMW has a significantly higher variance of weekly returns than MBG. | F1: α=0.05 | H1: There is not enough evidence to conclude that the variance of BMW’s weekly returns is greater than the variance of Mercedes-Benz Group’s weekly returns. Accordingly we fail to reject null hypotheses
A2: 46090 | B2: =VLOOKUP(A2,'Data preparation'!A:G,7,0) -> -0.017794486 | C2: =VLOOKUP(A2,'Data preparation'!A:I,8,0) -> -0.014786418 | E2: Hypotheses: | F2: H0​:σB² ​≤σM²
A3: 46083 | B3: =VLOOKUP(A3,'Data preparation'!A:G,7,0) -> -0.10798122 | C3: =VLOOKUP(A3,'Data preparation'!A:I,8,0) -> -0.071525424 | F3: H1​:σB² >σM²
A4: 46076 | B4: =VLOOKUP(A4,'Data preparation'!A:G,7,0) -> -0.0095217006 | C4: =VLOOKUP(A4,'Data preparation'!A:I,8,0) -> -0.0040513167 | E4: S St dev B | F4: =_xlfn.STDEV.S(B:B) -> 0.047580985
A5: 46069 | B5: =VLOOKUP(A5,'Data preparation'!A:G,7,0) -> 0.015973003 | C5: =VLOOKUP(A5,'Data preparation'!A:I,8,0) -> 0.028115238 | E5: S St dev M | F5: =_xlfn.STDEV.S(C:C) -> 0.045755694
A6: 46062 | B6: =VLOOKUP(A6,'Data preparation'!A:G,7,0) -> 0.0052012664 | C6: =VLOOKUP(A6,'Data preparation'!A:I,8,0) -> -0.019734604 | E6: N(b) | F6: =COUNTA(B2:B53) -> 52
A7: 46055 | B7: =VLOOKUP(A7,'Data preparation'!A:G,7,0) -> 0.011667811 | C7: =VLOOKUP(A7,'Data preparation'!A:I,8,0) -> 0.017130992 | E7: N(m) | F7: =COUNTA(C2:C53) -> 52
A8: 46048 | B8: =VLOOKUP(A8,'Data preparation'!A:G,7,0) -> -0.0022825839 | C8: =VLOOKUP(A8,'Data preparation'!A:I,8,0) -> -0.0087478559 | E8: V stdev B | F8: =F4^2 -> 0.0022639501
A9: 46041 | B9: =VLOOKUP(A9,'Data preparation'!A:G,7,0) -> -0.012398557 | C9: =VLOOKUP(A9,'Data preparation'!A:I,8,0) -> -0.0088405304 | E9: V stdev M | F9: =F5^2 -> 0.0020935836
A10: 46034 | B10: =VLOOKUP(A10,'Data preparation'!A:G,7,0) -> -0.035861769 | C10: =VLOOKUP(A10,'Data preparation'!A:I,8,0) -> -0.025675004 | E10: df1​=n1​−1 | F10: =F6-1 -> 51
A11: 46027 | B11: =VLOOKUP(A11,'Data preparation'!A:G,7,0) -> -0.044642857 | C11: =VLOOKUP(A11,'Data preparation'!A:I,8,0) -> -0.02518973 | E11: df2​=n2​−1 | F11: =F7-1 -> 51
A12: 46020 | B12: =VLOOKUP(A12,'Data preparation'!A:G,7,0) -> 0.039499245 | C12: =VLOOKUP(A12,'Data preparation'!A:I,8,0) -> 0.044350759 | E12: F=s2² ​/s1² | F12: =F8/F9 -> 1.0813756
A13: 46013 | B13: =VLOOKUP(A13,'Data preparation'!A:G,7,0) -> -0.010254219 | C13: =VLOOKUP(A13,'Data preparation'!A:I,8,0) -> -0.0090240642 | E13: F critical | F13: =_xlfn.F.INV.RT(0.05,52,52) -> 1.5847049
A14: 46006 | B14: =VLOOKUP(A14,'Data preparation'!A:G,7,0) -> -0.026211774 | C14: =VLOOKUP(A14,'Data preparation'!A:I,8,0) -> -0.029988653 | E14: P value | F14: =_xlfn.F.DIST.RT(F12,F10,F11) -> 0.39052546
A15: 45999 | B15: =VLOOKUP(A15,'Data preparation'!A:G,7,0) -> -0.0033174373 | C15: =VLOOKUP(A15,'Data preparation'!A:I,8,0) -> 0.001461039 | E15: In terms of F critical | F15: 1.08<1.58 | G15: do not reject H0
A16: 45992 | B16: =VLOOKUP(A16,'Data preparation'!A:G,7,0) -> 0.095638346 | C16: =VLOOKUP(A16,'Data preparation'!A:I,8,0) -> 0.05914718 | E16: In terms of P value | F16: 0.39>0.05 | G16: do not reject H0
A17: 45985 | B17: =VLOOKUP(A17,'Data preparation'!A:G,7,0) -> 0.034790785 | C17: =VLOOKUP(A17,'Data preparation'!A:I,8,0) -> 0.019992985
A18: 45978 | B18: =VLOOKUP(A18,'Data preparation'!A:G,7,0) -> -0.041244084 | C18: =VLOOKUP(A18,'Data preparation'!A:I,8,0) -> -0.042646071
A19: 45971 | B19: =VLOOKUP(A19,'Data preparation'!A:G,7,0) -> 0.052669039 | C19: =VLOOKUP(A19,'Data preparation'!A:I,8,0) -> 0.023543564
A20: 45964 | B20: =VLOOKUP(A20,'Data preparation'!A:G,7,0) -> 0.044350842 | C20: =VLOOKUP(A20,'Data preparation'!A:I,8,0) -> 0.035225049
A21: 45957 | B21: =VLOOKUP(A21,'Data preparation'!A:G,7,0) -> -0.0054213898 | C21: =VLOOKUP(A21,'Data preparation'!A:I,8,0) -> 0.045767442
A22: 45950 | B22: =VLOOKUP(A22,'Data preparation'!A:G,7,0) -> 0.011717776 | C22: =VLOOKUP(A22,'Data preparation'!A:I,8,0) -> 0.0071201049
A23: 45943 | B23: =VLOOKUP(A23,'Data preparation'!A:G,7,0) -> 0.022171254 | C23: =VLOOKUP(A23,'Data preparation'!A:I,8,0) -> 0.0031954887
A24: 45936 | B24: =VLOOKUP(A24,'Data preparation'!A:G,7,0) -> -0.09187688 | C24: =VLOOKUP(A24,'Data preparation'!A:I,8,0) -> -0.039884497
A25: 45929 | B25: =VLOOKUP(A25,'Data preparation'!A:G,7,0) -> 0.007930954 | C25: =VLOOKUP(A25,'Data preparation'!A:I,8,0) -> 0.039197299
A26: 45922 | B26: =VLOOKUP(A26,'Data preparation'!A:G,7,0) -> 0.029786212 | C26: =VLOOKUP(A26,'Data preparation'!A:I,8,0) -> 0.035742036
A27: 45915 | B27: =VLOOKUP(A27,'Data preparation'!A:G,7,0) -> -0.0066809831 | C27: =VLOOKUP(A27,'Data preparation'!A:I,8,0) -> -0.0040626814
A28: 45908 | B28: =VLOOKUP(A28,'Data preparation'!A:G,7,0) -> -0.052238806 | C28: =VLOOKUP(A28,'Data preparation'!A:I,8,0) -> -0.02324263
... A54: 45726 | B54: =VLOOKUP(A54,'Data preparation'!A:G,7,0) | C54: =VLOOKUP(A54,'Data preparation'!A:I,8,0)

Sheet Chisq
A1: Date | B1: Arithmetic Weekly return for BMW | D1: Based on the historical performance of BMW, it was claimed that the annual standard deviation of returns is 15%. To verify this claim using our dataset of weekly arithmetic returns, we convert the annual target to a weekly standard deviation of 2.08% (representing a target variance σ² of 0.0004). A sample of 52 weekly returns from March 2025 to March 2026 was collected to calculate the actual sample variance. | E1: α=0.05 | J1: Since the p-value is extremely small (virtually zero) and much lower than the 0.05 significance level, we reject the null hypothesis. There is overwhelming statistical evidence to conclude that the actual weekly volatility of BMW returns is significantly higher than the claimed 2.08%. The risk associated with the stock over this period was substantially greater than the 15% annual benchmark. | L1: Date | M1: Arithmetic Weekly return for MBG | O1: Based on the historical performance of MBG , it was claimed that the annual standard deviation of returns is 15%. To verify this claim using our dataset of weekly arithmetic returns, we convert the annual target to a weekly standard deviation of 2.08% (representing a target variance σ² of 0.0004). A sample of 52 weekly returns from March 2025 to March 2026 was collected to calculate the actual sample variance. | T1: Since the p-value is extremely small (virtually zero) and much lower than the 0.05 significance level, we reject the null hypothesis. There is overwhelming statistical evidence to conclude that the actual weekly volatility of BMW returns is significantly higher than the claimed 2.08%. The risk associated with the stock over this period was substantially greater than the 15% annual benchmark.
A2: 46090 | B2: =VLOOKUP(A2,'Data preparation'!A:G,7,0) -> -0.017794486 | D2: H0: σ² ≤ 0.0004 | L2: 46090 | M2: =VLOOKUP(L2, 'Data preparation'!A:I, 8,0) -> -0.014786418 | O2: H0: σ² ≤ 0.0004
A3: 46083 | B3: =VLOOKUP(A3,'Data preparation'!A:G,7,0) -> -0.10798122 | D3: H1: σ² > 0.0004 | L3: 46083 | M3: =VLOOKUP(L3, 'Data preparation'!A:I, 8,0) -> -0.071525424 | O3: H1: σ² > 0.0004
A4: 46076 | B4: =VLOOKUP(A4,'Data preparation'!A:G,7,0) -> -0.0095217006 | D4: n | E4: 52 | L4: 46076 | M4: =VLOOKUP(L4, 'Data preparation'!A:I, 8,0) -> -0.0040513167 | O4: n | P4: 52
A5: 46069 | B5: =VLOOKUP(A5,'Data preparation'!A:G,7,0) -> 0.015973003 | D5: df=n-1 | E5: 51 | L5: 46069 | M5: =VLOOKUP(L5, 'Data preparation'!A:I, 8,0) -> 0.028115238 | O5: df=n-1 | P5: 51
A6: 46062 | B6: =VLOOKUP(A6,'Data preparation'!A:G,7,0) -> 0.0052012664 | D6: σ₀ | E6: 0.0208 | L6: 46062 | M6: =VLOOKUP(L6, 'Data preparation'!A:I, 8,0) -> -0.019734604 | O6: σ₀ | P6: 0.0208
A7: 46055 | B7: =VLOOKUP(A7,'Data preparation'!A:G,7,0) -> 0.011667811 | D7: σ₀² | E7: =E6^2 -> 0.00043264 | L7: 46055 | M7: =VLOOKUP(L7, 'Data preparation'!A:I, 8,0) -> 0.017130992 | O7: σ₀² | P7: =P6^2 -> 0.00043264
A8: 46048 | B8: =VLOOKUP(A8,'Data preparation'!A:G,7,0) -> -0.0022825839 | D8: s | E8: =_xlfn.STDEV.S(B:B) -> 0.047580985 | L8: 46048 | M8: =VLOOKUP(L8, 'Data preparation'!A:I, 8,0) -> -0.0087478559 | O8: s | P8: =_xlfn.STDEV.S(M:M) -> 0.045755694
A9: 46041 | B9: =VLOOKUP(A9,'Data preparation'!A:G,7,0) -> -0.012398557 | D9: s² | E9: =E8^2 -> 0.0022639501 | L9: 46041 | M9: =VLOOKUP(L9, 'Data preparation'!A:I, 8,0) -> -0.0088405304 | O9: s² | P9: =P8^2 -> 0.0020935836
A10: 46034 | B10: =VLOOKUP(A10,'Data preparation'!A:G,7,0) -> -0.035861769 | L10: 46034 | M10: =VLOOKUP(L10, 'Data preparation'!A:I, 8,0) -> -0.025675004
A11: 46027 | B11: =VLOOKUP(A11,'Data preparation'!A:G,7,0) -> -0.044642857 | L11: 46027 | M11: =VLOOKUP(L11, 'Data preparation'!A:I, 8,0) -> -0.02518973
A12: 46020 | B12: =VLOOKUP(A12,'Data preparation'!A:G,7,0) -> 0.039499245 | E12: X^2 | F12: =(E5*E9)/E7 -> 266.87652 | L12: 46020 | M12: =VLOOKUP(L12, 'Data preparation'!A:I, 8,0) -> 0.044350759 | P12: X^2 | Q12: =(P5*P9)/P7 -> 246.79355
A13: 46013 | B13: =VLOOKUP(A13,'Data preparation'!A:G,7,0) -> -0.010254219 | E13: P value | F13: =_xlfn.CHISQ.DIST.RT(F12,E5) -> 0 | G13: ≈0.00000000000000001 | I13: reject H0 | L13: 46013 | M13: =VLOOKUP(L13, 'Data preparation'!A:I, 8,0) -> -0.0090240642 | P13: P value | Q13: =_xlfn.CHISQ.DIST.RT(Q12,P5) -> 0 | R13: tends to zero | S13: reject H0
A14: 46006 | B14: =VLOOKUP(A14,'Data preparation'!A:G,7,0) -> -0.026211774 | L14: 46006 | M14: =VLOOKUP(L14, 'Data preparation'!A:I, 8,0) -> -0.029988653
A15: 45999 | B15: =VLOOKUP(A15,'Data preparation'!A:G,7,0) -> -0.0033174373 | L15: 45999 | M15: =VLOOKUP(L15, 'Data preparation'!A:I, 8,0) -> 0.001461039
A16: 45992 | B16: =VLOOKUP(A16,'Data preparation'!A:G,7,0) -> 0.095638346 | L16: 45992 | M16: =VLOOKUP(L16, 'Data preparation'!A:I, 8,0) -> 0.05914718
A17: 45985 | B17: =VLOOKUP(A17,'Data preparation'!A:G,7,0) -> 0.034790785 | L17: 45985 | M17: =VLOOKUP(L17, 'Data preparation'!A:I, 8,0) -> 0.019992985
A18: 45978 | B18: =VLOOKUP(A18,'Data preparation'!A:G,7,0) -> -0.041244084 | L18: 45978 | M18: =VLOOKUP(L18, 'Data preparation'!A:I, 8,0) -> -0.042646071
A19: 45971 | B19: =VLOOKUP(A19,'Data preparation'!A:G,7,0) -> 0.052669039 | L19: 45971 | M19: =VLOOKUP(L19, 'Data preparation'!A:I, 8,0) -> 0.023543564
A20: 45964 | B20: =VLOOKUP(A20,'Data preparation'!A:G,7,0) -> 0.044350842 | L20: 45964 | M20: =VLOOKUP(L20, 'Data preparation'!A:I, 8,0) -> 0.035225049
A21: 45957 | B21: =VLOOKUP(A21,'Data preparation'!A:G,7,0) -> -0.0054213898 | L21: 45957 | M21: =VLOOKUP(L21, 'Data preparation'!A:I, 8,0) -> 0.045767442
A22: 45950 | B22: =VLOOKUP(A22,'Data preparation'!A:G,7,0) -> 0.011717776 | L22: 45950 | M22: =VLOOKUP(L22, 'Data preparation'!A:I, 8,0) -> 0.0071201049
A23: 45943 | B23: =VLOOKUP(A23,'Data preparation'!A:G,7,0) -> 0.022171254 | L23: 45943 | M23: =VLOOKUP(L23, 'Data preparation'!A:I, 8,0) -> 0.0031954887
A24: 45936 | B24: =VLOOKUP(A24,'Data preparation'!A:G,7,0) -> -0.09187688 | L24: 45936 | M24: =VLOOKUP(L24, 'Data preparation'!A:I, 8,0) -> -0.039884497
A25: 45929 | B25: =VLOOKUP(A25,'Data preparation'!A:G,7,0) -> 0.007930954 | L25: 45929 | M25: =VLOOKUP(L25, 'Data preparation'!A:I, 8,0) -> 0.039197299
... A54: 45726 | B54: =VLOOKUP(A54,'Data preparation'!A:G,7,0) | L54: 45726 | M54: =VLOOKUP(L54, 'Data preparation'!A:I, 8,0)

Sheet Regression
A1: Date | B1: Arithmetic Weekly return for BMW | C1: Arithmetic Weekly return for S&P 500
A2: 46090 | B2: =VLOOKUP(A2,'Data preparation'!A:G,7,0) -> -0.017794486 | C2: =VLOOKUP(A2, 'Data preparation'!A:I, 9,0) -> 0.0083041297
A3: 46083 | B3: =VLOOKUP(A3,'Data preparation'!A:G,7,0) -> -0.10798122 | C3: =VLOOKUP(A3, 'Data preparation'!A:I, 9,0) -> -0.020186426 | F3: ВЫВОД ИТОГОВ
A4: 46076 | B4: =VLOOKUP(A4,'Data preparation'!A:G,7,0) -> -0.0095217006 | C4: =VLOOKUP(A4, 'Data preparation'!A:I, 9,0) -> -0.0044330206
A5: 46069 | B5: =VLOOKUP(A5,'Data preparation'!A:G,7,0) -> 0.015973003 | C5: =VLOOKUP(A5, 'Data preparation'!A:I, 9,0) -> 0.010728229 | F5: Регрессионная статистика
A6: 46062 | B6: =VLOOKUP(A6,'Data preparation'!A:G,7,0) -> 0.0052012664 | C6: =VLOOKUP(A6, 'Data preparation'!A:I, 9,0) -> -0.013866971 | F6: Множественный R | G6: 0.323998
A7: 46055 | B7: =VLOOKUP(A7,'Data preparation'!A:G,7,0) -> 0.011667811 | C7: =VLOOKUP(A7, 'Data preparation'!A:I, 9,0) -> -0.00096987619 | F7: R-квадрат | G7: 0.104974
A8: 46048 | B8: =VLOOKUP(A8,'Data preparation'!A:G,7,0) -> -0.0022825839 | C8: =VLOOKUP(A8, 'Data preparation'!A:I, 9,0) -> 0.0033865415 | F8: Нормированный R-квадрат | G8: 0.087074
A9: 46041 | B9: =VLOOKUP(A9,'Data preparation'!A:G,7,0) -> -0.012398557 | C9: =VLOOKUP(A9, 'Data preparation'!A:I, 9,0) -> -0.0035158451 | F9: Стандартная ошибка | G9: 0.022013
A10: 46034 | B10: =VLOOKUP(A10,'Data preparation'!A:G,7,0) -> -0.035861769 | C10: =VLOOKUP(A10, 'Data preparation'!A:I, 9,0) -> -0.0037710227 | F10: Наблюдения | G10: 52
A11: 46027 | B11: =VLOOKUP(A11,'Data preparation'!A:G,7,0) -> -0.044642857 | C11: =VLOOKUP(A11, 'Data preparation'!A:I, 9,0) -> 0.015719249
A12: 46020 | B12: =VLOOKUP(A12,'Data preparation'!A:G,7,0) -> 0.039499245 | C12: =VLOOKUP(A12, 'Data preparation'!A:I, 9,0) -> -0.010313221 | F12: Дисперсионный анализ
A13: 46013 | B13: =VLOOKUP(A13,'Data preparation'!A:G,7,0) -> -0.010254219 | C13: =VLOOKUP(A13, 'Data preparation'!A:I, 9,0) -> 0.013964445 | G13: df | H13: SS | I13: MS | J13: F | K13: Значимость F
A14: 46006 | B14: =VLOOKUP(A14,'Data preparation'!A:G,7,0) -> -0.026211774 | C14: =VLOOKUP(A14, 'Data preparation'!A:I, 9,0) -> 0.0010384611 | F14: Регрессия | G14: 1 | H14: 0.002842 | I14: 0.002842 | J14: 5.864325 | K14: 0.01912
A15: 45999 | B15: =VLOOKUP(A15,'Data preparation'!A:G,7,0) -> -0.0033174373 | C15: =VLOOKUP(A15, 'Data preparation'!A:I, 9,0) -> -0.0062572776 | F15: Остаток | G15: 50 | H15: 0.024228 | I15: 0.000485
A16: 45992 | B16: =VLOOKUP(A16,'Data preparation'!A:G,7,0) -> 0.095638346 | C16: =VLOOKUP(A16, 'Data preparation'!A:I, 9,0) -> 0.0031113622 | F16: Итого | G16: 51 | H16: 0.027069
A17: 45985 | B17: =VLOOKUP(A17,'Data preparation'!A:G,7,0) -> 0.034790785 | C17: =VLOOKUP(A17, 'Data preparation'!A:I, 9,0) -> 0.037270994
A18: 45978 | B18: =VLOOKUP(A18,'Data preparation'!A:G,7,0) -> -0.041244084 | C18: =VLOOKUP(A18, 'Data preparation'!A:I, 9,0) -> -0.019471021 | G18: Коэффициенты | H18: Стандартная ошибка | I18: t-статистика | J18: P-Значение | K18: Нижние 95% | L18: Верхние 95% | M18: Нижние 95.0% | N18: Верхние 95.0%
A19: 45971 | B19: =VLOOKUP(A19,'Data preparation'!A:G,7,0) -> 0.052669039 | C19: =VLOOKUP(A19, 'Data preparation'!A:I, 9,0) -> 0.00078914517 | F19: Y-пересечение | G19: 0.00399 | H19: 0.003054 | I19: 1.306412 | J19: 0.19739 | K19: -0.00214 | L19: 0.010125 | M19: -0.00214 | N19: 0.010125
A20: 45964 | B20: =VLOOKUP(A20,'Data preparation'!A:G,7,0) -> 0.044350842 | C20: =VLOOKUP(A20, 'Data preparation'!A:I, 9,0) -> -0.016286074 | F20: Переменная X 1 | G20: 0.156461 | H20: 0.06461 | I20: 2.421637 | J20: 0.01912 | K20: 0.026689 | L20: 0.286234 | M20: 0.026689 | N20: 0.286234
A21: 45957 | B21: =VLOOKUP(A21,'Data preparation'!A:G,7,0) -> -0.0054213898 | C21: =VLOOKUP(A21, 'Data preparation'!A:I, 9,0) -> 0.0071425521
A22: 45950 | B22: =VLOOKUP(A22,'Data preparation'!A:G,7,0) -> 0.011717776 | C22: =VLOOKUP(A22, 'Data preparation'!A:I, 9,0) -> 0.019159635
A23: 45943 | B23: =VLOOKUP(A23,'Data preparation'!A:G,7,0) -> 0.022171254 | C23: =VLOOKUP(A23, 'Data preparation'!A:I, 9,0) -> 0.01701638
A24: 45936 | B24: =VLOOKUP(A24,'Data preparation'!A:G,7,0) -> -0.09187688 | C24: =VLOOKUP(A24, 'Data preparation'!A:I, 9,0) -> -0.024312851
A25: 45929 | B25: =VLOOKUP(A25,'Data preparation'!A:G,7,0) -> 0.007930954 | C25: =VLOOKUP(A25, 'Data preparation'!A:I, 9,0) -> 0.010850881
A26: 45922 | B26: =VLOOKUP(A26,'Data preparation'!A:G,7,0) -> 0.029786212 | C26: =VLOOKUP(A26, 'Data preparation'!A:I, 9,0) -> -0.0031000726
A27: 45915 | B27: =VLOOKUP(A27,'Data preparation'!A:G,7,0) -> -0.0066809831 | C27: =VLOOKUP(A27, 'Data preparation'!A:I, 9,0) -> 0.012160764
A28: 45908 | B28: =VLOOKUP(A28,'Data preparation'!A:G,7,0) -> -0.052238806 | C28: =VLOOKUP(A28, 'Data preparation'!A:I, 9,0) -> 0.015858983
A29: 45901 | B29: =VLOOKUP(A29,'Data preparation'!A:G,7,0) -> -0.011401744 | C29: =VLOOKUP(A29, 'Data preparation'!A:I, 9,0) -> 0.0032877934
A30: 45894 | B30: =VLOOKUP(A30,'Data preparation'!A:G,7,0) -> -0.02143951 | C30: =VLOOKUP(A30, 'Data preparation'!A:I, 9,0) -> -0.0010283118
A31: 45887 | B31: =VLOOKUP(A31,'Data preparation'!A:G,7,0) -> 0.014200133 | C31: =VLOOKUP(A31, 'Data preparation'!A:I, 9,0) -> 0.0026527954
A32: 45880 | B32: =VLOOKUP(A32,'Data preparation'!A:G,7,0) -> 0.030878317 | C32: =VLOOKUP(A32, 'Data preparation'!A:I, 9,0) -> 0.0094452574
... A54: 45726 | B54: =VLOOKUP(A54,'Data preparation'!A:G,7,0) | C54: =VLOOKUP(A54, 'Data preparation'!A:I, 9,0)

Sheet Correlation
A1: Date | B1: Arithmetic Weekly return for BMW | C1: Arithmetic Weekly return for MBG
A2: 46090 | B2: =VLOOKUP(A2,'Data preparation'!A:G,7,0) -> -0.017794486 | C2: =VLOOKUP(A2,'Data preparation'!A:I,8,0) -> -0.014786418 | E2: Covariance | F2: =_xlfn.COVARIANCE.P(B:B,C:C) -> 0.0015829456
A3: 46083 | B3: =VLOOKUP(A3,'Data preparation'!A:G,7,0) -> -0.10798122 | C3: =VLOOKUP(A3,'Data preparation'!A:I,8,0) -> -0.071525424 | E3: Correlation | F3: =CORREL(B:B,C:C) -> 0.74134535
A4: 46076 | B4: =VLOOKUP(A4,'Data preparation'!A:G,7,0) -> -0.0095217006 | C4: =VLOOKUP(A4,'Data preparation'!A:I,8,0) -> -0.0040513167 | E4: R² | F4: =F3^2 -> 0.54959293
A5: 46069 | B5: =VLOOKUP(A5,'Data preparation'!A:G,7,0) -> 0.015973003 | C5: =VLOOKUP(A5,'Data preparation'!A:I,8,0) -> 0.028115238
A6: 46062 | B6: =VLOOKUP(A6,'Data preparation'!A:G,7,0) -> 0.0052012664 | C6: =VLOOKUP(A6,'Data preparation'!A:I,8,0) -> -0.019734604
A7: 46055 | B7: =VLOOKUP(A7,'Data preparation'!A:G,7,0) -> 0.011667811 | C7: =VLOOKUP(A7,'Data preparation'!A:I,8,0) -> 0.017130992
A8: 46048 | B8: =VLOOKUP(A8,'Data preparation'!A:G,7,0) -> -0.0022825839 | C8: =VLOOKUP(A8,'Data preparation'!A:I,8,0) -> -0.0087478559
A9: 46041 | B9: =VLOOKUP(A9,'Data preparation'!A:G,7,0) -> -0.012398557 | C9: =VLOOKUP(A9,'Data preparation'!A:I,8,0) -> -0.0088405304
A10: 46034 | B10: =VLOOKUP(A10,'Data preparation'!A:G,7,0) -> -0.035861769 | C10: =VLOOKUP(A10,'Data preparation'!A:I,8,0) -> -0.025675004
A11: 46027 | B11: =VLOOKUP(A11,'Data preparation'!A:G,7,0) -> -0.044642857 | C11: =VLOOKUP(A11,'Data preparation'!A:I,8,0) -> -0.02518973
A12: 46020 | B12: =VLOOKUP(A12,'Data preparation'!A:G,7,0) -> 0.039499245 | C12: =VLOOKUP(A12,'Data preparation'!A:I,8,0) -> 0.044350759
A13: 46013 | B13: =VLOOKUP(A13,'Data preparation'!A:G,7,0) -> -0.010254219 | C13: =VLOOKUP(A13,'Data preparation'!A:I,8,0) -> -0.0090240642
A14: 46006 | B14: =VLOOKUP(A14,'Data preparation'!A:G,7,0) -> -0.026211774 | C14: =VLOOKUP(A14,'Data preparation'!A:I,8,0) -> -0.029988653
A15: 45999 | B15: =VLOOKUP(A15,'Data preparation'!A:G,7,0) -> -0.0033174373 | C15: =VLOOKUP(A15,'Data preparation'!A:I,8,0) -> 0.001461039
A16: 45992 | B16: =VLOOKUP(A16,'Data preparation'!A:G,7,0) -> 0.095638346 | C16: =VLOOKUP(A16,'Data preparation'!A:I,8,0) -> 0.05914718
... A54: 45726 | B54: =VLOOKUP(A54,'Data preparation'!A:G,7,0) | C54: =VLOOKUP(A54,'Data preparation'!A:I,8,0)
